{
  "name": "client",
  "hash": "562b92efc1e6dfee850a",
  "publicPath": "http://localhost:3001/static/",
  "outputPath": "/Volumes/lulu_dev/module-federation-examples/server-side-rendering/website1/buildClient/static/",
  "assetsByChunkName": {
    "main": [
      "main.53555a85ac2c221d11e1.js"
    ]
  },
  "assets": [
    {
      "type": "assets by status",
      "cached": true,
      "filteredChildren": 4,
      "size": 226425
    }
  ],
  "namedChunkGroups": {
    "main": {
      "name": "main",
      "chunks": [
        179
      ],
      "assets": [
        {
          "name": "main.53555a85ac2c221d11e1.js"
        }
      ],
      "filteredAssets": 0,
      "assetsSize": null,
      "filteredAuxiliaryAssets": 1,
      "auxiliaryAssetsSize": null,
      "children": {},
      "childAssets": {}
    }
  },
  "generator": "loadable-components",
  "chunks": [
    {
      "id": 179,
      "files": [
        "main.53555a85ac2c221d11e1.js"
      ]
    },
    {
      "id": 968,
      "files": [
        "968.ba79c4dc375cd308a32f.js"
      ]
    },
    {
      "id": 352,
      "files": []
    },
    {
      "id": 784,
      "files": [
        "784.3830a15e17d66b2e4fde.js"
      ]
    },
    {
      "id": 316,
      "files": [
        "316.97cfa0d8ce6a17cb9d20.js"
      ]
    }
  ]
}