{
  "name": "client",
  "hash": "0f829a75dc60b54c9c3f",
  "publicPath": "http://localhost:3002/static/",
  "outputPath": "/Volumes/lulu_dev/module-federation-examples/server-side-rendering/website2/buildClient/static/",
  "assetsByChunkName": {
    "main": [
      "main.c427e0472f7ce95d76ab.js"
    ],
    "website2": [
      "container.js"
    ]
  },
  "assets": [
    {
      "type": "assets by status",
      "cached": true,
      "filteredChildren": 7,
      "size": 239023
    }
  ],
  "namedChunkGroups": {
    "main": {
      "name": "main",
      "chunks": [
        179
      ],
      "assets": [
        {
          "name": "main.c427e0472f7ce95d76ab.js"
        }
      ],
      "filteredAssets": 0,
      "assetsSize": null,
      "filteredAuxiliaryAssets": 1,
      "auxiliaryAssetsSize": null,
      "children": {},
      "childAssets": {}
    },
    "website2": {
      "name": "website2",
      "chunks": [
        552
      ],
      "assets": [
        {
          "name": "container.js"
        }
      ],
      "filteredAssets": 0,
      "assetsSize": null,
      "filteredAuxiliaryAssets": 1,
      "auxiliaryAssetsSize": null,
      "children": {},
      "childAssets": {}
    }
  },
  "generator": "loadable-components",
  "chunks": [
    {
      "id": 179,
      "files": [
        "main.c427e0472f7ce95d76ab.js"
      ]
    },
    {
      "id": 552,
      "files": [
        "container.js"
      ]
    },
    {
      "id": 883,
      "files": [
        "883.f4ba5b63fd02b6408d1d.js"
      ]
    },
    {
      "id": 583,
      "files": []
    },
    {
      "id": 292,
      "files": [
        "292.cfa2f2b100da04f4ef9c.js"
      ]
    },
    {
      "id": 522,
      "files": [
        "522.0697fbc1b4807f7b1078.js"
      ]
    },
    {
      "id": 784,
      "files": [
        "784.5475d1a1e2e3f176455a.js"
      ]
    },
    {
      "id": 316,
      "files": [
        "316.bc263765116293af59bb.js"
      ]
    },
    {
      "id": 352,
      "files": []
    }
  ]
}